{
 "ARKK (ARK Innovation)": {
  "kind": "ETF",
  "growth_ann": 0.263,
  "crash_growth": "broken",
  "horizons": {
   "12m": {
    "p_fall": 0.5628333333333333,
    "depth": 0.526,
    "p_rec_horizon": 0.12923781024467523,
    "p_rec_24m": 0.25266678401689846,
    "exp_return_horizon": -0.062,
    "exp_return_24m": -0.016,
    "reward_to_risk": 1.02,
    "unrec_loss": 0.258
   },
   "24m": {
    "p_fall": 0.8494666666666667,
    "depth": 0.526,
    "p_rec_horizon": 0.25266678401689846,
    "p_rec_24m": 0.25266678401689846,
    "exp_return_horizon": 0.063,
    "exp_return_24m": 0.063,
    "reward_to_risk": 1.79,
    "unrec_loss": 0.334
   },
   "36m": {
    "p_fall": 0.9468333333333333,
    "depth": 0.526,
    "p_rec_horizon": 0.32645660975180424,
    "p_rec_24m": 0.25266678401689846,
    "exp_return_horizon": 0.34,
    "exp_return_24m": 0.266,
    "reward_to_risk": 3.03,
    "unrec_loss": 0.335
   },
   "60m": {
    "p_fall": 0.9931,
    "depth": 0.526,
    "p_rec_horizon": 0.4111248019714839,
    "p_rec_24m": 0.25266678401689846,
    "exp_return_horizon": 1.228,
    "exp_return_24m": 0.962,
    "reward_to_risk": 7.21,
    "unrec_loss": 0.308
   }
  }
 },
 "QQQ (Nasdaq-100)": {
  "kind": "ETF",
  "growth_ann": 0.104,
  "crash_growth": "secular",
  "horizons": {
   "12m": {
    "p_fall": 0.2332,
    "depth": 0.423,
    "p_rec_horizon": 0.13723004923706916,
    "p_rec_24m": 0.2931799346755716,
    "exp_return_horizon": 0.01,
    "exp_return_24m": 0.027,
    "reward_to_risk": 1.22,
    "unrec_loss": 0.085
   },
   "24m": {
    "p_fall": 0.5050333333333333,
    "depth": 0.423,
    "p_rec_horizon": 0.2931799346755716,
    "p_rec_24m": 0.2931799346755716,
    "exp_return_horizon": 0.035,
    "exp_return_24m": 0.035,
    "reward_to_risk": 1.45,
    "unrec_loss": 0.151
   },
   "36m": {
    "p_fall": 0.6837666666666666,
    "depth": 0.423,
    "p_rec_horizon": 0.3794179300931117,
    "p_rec_24m": 0.2931799346755716,
    "exp_return_horizon": 0.104,
    "exp_return_24m": 0.07,
    "reward_to_risk": 1.92,
    "unrec_loss": 0.18
   },
   "60m": {
    "p_fall": 0.8707666666666667,
    "depth": 0.423,
    "p_rec_horizon": 0.48135328815872863,
    "p_rec_24m": 0.2931799346755716,
    "exp_return_horizon": 0.326,
    "exp_return_24m": 0.213,
    "reward_to_risk": 3.35,
    "unrec_loss": 0.191
   }
  }
 },
 "VOO (S&P 500)": {
  "kind": "ETF",
  "growth_ann": 0.059,
  "crash_growth": "secular",
  "horizons": {
   "12m": {
    "p_fall": 0.16756666666666667,
    "depth": 0.402,
    "p_rec_horizon": 0.10752069917203312,
    "p_rec_24m": 0.2537373505059798,
    "exp_return_horizon": -0.005,
    "exp_return_24m": 0.006,
    "reward_to_risk": 0.98,
    "unrec_loss": 0.06
   },
   "24m": {
    "p_fall": 0.4055666666666667,
    "depth": 0.402,
    "p_rec_horizon": 0.2537373505059798,
    "p_rec_24m": 0.2537373505059798,
    "exp_return_horizon": -0.015,
    "exp_return_24m": -0.015,
    "reward_to_risk": 1.0,
    "unrec_loss": 0.122
   },
   "36m": {
    "p_fall": 0.5797333333333333,
    "depth": 0.402,
    "p_rec_horizon": 0.3455036798528059,
    "p_rec_24m": 0.2537373505059798,
    "exp_return_horizon": 0.007,
    "exp_return_24m": -0.018,
    "reward_to_risk": 1.23,
    "unrec_loss": 0.152
   },
   "60m": {
    "p_fall": 0.7885333333333333,
    "depth": 0.402,
    "p_rec_horizon": 0.45342686292548295,
    "p_rec_24m": 0.2537373505059798,
    "exp_return_horizon": 0.102,
    "exp_return_24m": 0.018,
    "reward_to_risk": 1.92,
    "unrec_loss": 0.173
   }
  }
 },
 "SCHD (Dividend)": {
  "kind": "ETF",
  "growth_ann": 0.04,
  "crash_growth": "secular",
  "horizons": {
   "12m": {
    "p_fall": 0.1144,
    "depth": 0.382,
    "p_rec_horizon": 0.08668341708542714,
    "p_rec_24m": 0.2231746970144842,
    "exp_return_horizon": -0.002,
    "exp_return_24m": 0.004,
    "reward_to_risk": 0.99,
    "unrec_loss": 0.04
   },
   "24m": {
    "p_fall": 0.2964,
    "depth": 0.382,
    "p_rec_horizon": 0.2231746970144842,
    "p_rec_24m": 0.2231746970144842,
    "exp_return_horizon": -0.014,
    "exp_return_24m": -0.014,
    "reward_to_risk": 0.92,
    "unrec_loss": 0.088
   },
   "36m": {
    "p_fall": 0.45106666666666667,
    "depth": 0.382,
    "p_rec_horizon": 0.3257463789535915,
    "p_rec_24m": 0.2231746970144842,
    "exp_return_horizon": -0.007,
    "exp_return_24m": -0.027,
    "reward_to_risk": 1.06,
    "unrec_loss": 0.116
   },
   "60m": {
    "p_fall": 0.6636666666666666,
    "depth": 0.382,
    "p_rec_horizon": 0.440659178244162,
    "p_rec_24m": 0.2231746970144842,
    "exp_return_horizon": 0.042,
    "exp_return_24m": -0.025,
    "reward_to_risk": 1.51,
    "unrec_loss": 0.142
   }
  }
 },
 "DTCR (Data Ctr Infra)": {
  "kind": "ETF",
  "growth_ann": 0.091,
  "crash_growth": "secular",
  "horizons": {
   "12m": {
    "p_fall": 0.18756666666666666,
    "depth": 0.405,
    "p_rec_horizon": 0.09824990690994202,
    "p_rec_24m": 0.22687376988137667,
    "exp_return_horizon": 0.017,
    "exp_return_24m": 0.027,
    "reward_to_risk": 1.33,
    "unrec_loss": 0.068
   },
   "24m": {
    "p_fall": 0.44416666666666665,
    "depth": 0.405,
    "p_rec_horizon": 0.22687376988137667,
    "p_rec_24m": 0.22687376988137667,
    "exp_return_horizon": 0.025,
    "exp_return_24m": 0.025,
    "reward_to_risk": 1.37,
    "unrec_loss": 0.139
   },
   "36m": {
    "p_fall": 0.6266333333333334,
    "depth": 0.405,
    "p_rec_horizon": 0.3066652481514974,
    "p_rec_24m": 0.22687376988137667,
    "exp_return_horizon": 0.071,
    "exp_return_24m": 0.045,
    "reward_to_risk": 1.7,
    "unrec_loss": 0.176
   },
   "60m": {
    "p_fall": 0.8291,
    "depth": 0.405,
    "p_rec_horizon": 0.40310654822065,
    "p_rec_24m": 0.22687376988137667,
    "exp_return_horizon": 0.238,
    "exp_return_24m": 0.146,
    "reward_to_risk": 2.74,
    "unrec_loss": 0.2
   }
  }
 },
 "GRID (Smart Grid)": {
  "kind": "ETF",
  "growth_ann": 0.117,
  "crash_growth": "secular",
  "horizons": {
   "12m": {
    "p_fall": 0.2286,
    "depth": 0.418,
    "p_rec_horizon": 0.13771579050034136,
    "p_rec_24m": 0.2905003413635034,
    "exp_return_horizon": 0.025,
    "exp_return_24m": 0.041,
    "reward_to_risk": 1.42,
    "unrec_loss": 0.082
   },
   "24m": {
    "p_fall": 0.5034666666666666,
    "depth": 0.418,
    "p_rec_horizon": 0.2905003413635034,
    "p_rec_24m": 0.2905003413635034,
    "exp_return_horizon": 0.061,
    "exp_return_24m": 0.061,
    "reward_to_risk": 1.65,
    "unrec_loss": 0.149
   },
   "36m": {
    "p_fall": 0.6835333333333333,
    "depth": 0.418,
    "p_rec_horizon": 0.3744269969764947,
    "p_rec_24m": 0.2905003413635034,
    "exp_return_horizon": 0.143,
    "exp_return_24m": 0.11,
    "reward_to_risk": 2.19,
    "unrec_loss": 0.179
   },
   "60m": {
    "p_fall": 0.8712666666666666,
    "depth": 0.418,
    "p_rec_horizon": 0.47415390617380276,
    "p_rec_24m": 0.2905003413635034,
    "exp_return_horizon": 0.404,
    "exp_return_24m": 0.287,
    "reward_to_risk": 3.84,
    "unrec_loss": 0.192
   }
  }
 },
 "NUKE (Nuclear/Uranium)": {
  "kind": "ETF",
  "growth_ann": 0.142,
  "crash_growth": "secular",
  "horizons": {
   "12m": {
    "p_fall": 0.3549333333333333,
    "depth": 0.453,
    "p_rec_horizon": 0.2036961819658814,
    "p_rec_24m": 0.3618196588139724,
    "exp_return_horizon": -0.005,
    "exp_return_24m": 0.024,
    "reward_to_risk": 1.11,
    "unrec_loss": 0.128
   },
   "24m": {
    "p_fall": 0.6591,
    "depth": 0.453,
    "p_rec_horizon": 0.3618196588139724,
    "p_rec_24m": 0.3618196588139724,
    "exp_return_horizon": 0.055,
    "exp_return_24m": 0.055,
    "reward_to_risk": 1.59,
    "unrec_loss": 0.191
   },
   "36m": {
    "p_fall": 0.8206666666666667,
    "depth": 0.453,
    "p_rec_horizon": 0.44281072298943946,
    "p_rec_24m": 0.3618196588139724,
    "exp_return_horizon": 0.18,
    "exp_return_24m": 0.135,
    "reward_to_risk": 2.36,
    "unrec_loss": 0.207
   },
   "60m": {
    "p_fall": 0.9482666666666667,
    "depth": 0.453,
    "p_rec_horizon": 0.5338342810722989,