{
 "ARKK (ARK Innovation)": {
  "kind": "ETF",
  "growth_ann": 0.263,
  "crash_growth": "broken",
  "horizons": {
   "12m": {
    "p_fall": 0.558,
    "depth": 0.525,
    "p_rec_horizon": 0.14043754410726889,
    "p_rec_24m": 0.26040931545518703,
    "exp_return_horizon": -0.055,
    "exp_return_24m": -0.01,
    "reward_to_risk": 1.05,
    "unrec_loss": 0.252
   },
   "24m": {
    "p_fall": 0.8466666666666667,
    "depth": 0.525,
    "p_rec_horizon": 0.26040931545518703,
    "p_rec_24m": 0.26040931545518703,
    "exp_return_horizon": 0.071,
    "exp_return_24m": 0.071,
    "reward_to_risk": 1.81,
    "unrec_loss": 0.329
   },
   "36m": {
    "p_fall": 0.9446666666666667,
    "depth": 0.525,
    "p_rec_horizon": 0.33803810868031053,
    "p_rec_24m": 0.26040931545518703,
    "exp_return_horizon": 0.354,
    "exp_return_24m": 0.277,
    "reward_to_risk": 3.1,
    "unrec_loss": 0.328
   },
   "60m": {
    "p_fall": 0.9933333333333333,
    "depth": 0.525,
    "p_rec_horizon": 0.42836979534227243,
    "p_rec_24m": 0.26040931545518703,
    "exp_return_horizon": 1.259,
    "exp_return_24m": 0.977,
    "reward_to_risk": 7.44,
    "unrec_loss": 0.298
   }
  }
 },
 "QQQ (Nasdaq-100)": {
  "kind": "ETF",
  "growth_ann": 0.104,
  "crash_growth": "secular",
  "horizons": {
   "12m": {
    "p_fall": 0.23066666666666666,
    "depth": 0.42,
    "p_rec_horizon": 0.14118792599805258,
    "p_rec_24m": 0.314508276533593,
    "exp_return_horizon": 0.012,
    "exp_return_24m": 0.031,
    "reward_to_risk": 1.25,
    "unrec_loss": 0.083
   },
   "24m": {
    "p_fall": 0.5053333333333333,
    "depth": 0.42,
    "p_rec_horizon": 0.314508276533593,
    "p_rec_24m": 0.314508276533593,
    "exp_return_horizon": 0.041,
    "exp_return_24m": 0.041,
    "reward_to_risk": 1.5,
    "unrec_loss": 0.146
   },
   "36m": {
    "p_fall": 0.6846666666666666,
    "depth": 0.42,
    "p_rec_horizon": 0.4050632911392405,
    "p_rec_24m": 0.314508276533593,
    "exp_return_horizon": 0.115,
    "exp_return_24m": 0.08,
    "reward_to_risk": 2.02,
    "unrec_loss": 0.171
   },
   "60m": {
    "p_fall": 0.8633333333333333,
    "depth": 0.42,
    "p_rec_horizon": 0.5170399221032133,
    "p_rec_24m": 0.314508276533593,
    "exp_return_horizon": 0.353,
    "exp_return_24m": 0.232,
    "reward_to_risk": 3.65,
    "unrec_loss": 0.175
   }
  }
 },
 "VOO (S&P 500)": {
  "kind": "ETF",
  "growth_ann": 0.059,
  "crash_growth": "secular",
  "horizons": {
   "12m": {
    "p_fall": 0.164,
    "depth": 0.402,
    "p_rec_horizon": 0.11045828437132785,
    "p_rec_24m": 0.26321974148061106,
    "exp_return_horizon": -0.003,
    "exp_return_24m": 0.008,
    "reward_to_risk": 1.01,
    "unrec_loss": 0.059
   },
   "24m": {
    "p_fall": 0.39066666666666666,
    "depth": 0.402,
    "p_rec_horizon": 0.26321974148061106,
    "p_rec_24m": 0.26321974148061106,
    "exp_return_horizon": -0.008,
    "exp_return_24m": -0.008,
    "reward_to_risk": 1.05,
    "unrec_loss": 0.116
   },
   "36m": {
    "p_fall": 0.5673333333333334,
    "depth": 0.402,
    "p_rec_horizon": 0.36780258519388953,
    "p_rec_24m": 0.26321974148061106,
    "exp_return_horizon": 0.017,
    "exp_return_24m": -0.012,
    "reward_to_risk": 1.3,
    "unrec_loss": 0.144
   },
   "60m": {
    "p_fall": 0.776,
    "depth": 0.402,
    "p_rec_horizon": 0.48531139835487663,
    "p_rec_24m": 0.26321974148061106,
    "exp_return_horizon": 0.119,
    "exp_return_24m": 0.026,
    "reward_to_risk": 2.07,
    "unrec_loss": 0.161
   }
  }
 },
 "SCHD (Dividend)": {
  "kind": "ETF",
  "growth_ann": 0.04,
  "crash_growth": "secular",
  "horizons": {
   "12m": {
    "p_fall": 0.11666666666666667,
    "depth": 0.384,
    "p_rec_horizon": 0.0865533230293663,
    "p_rec_24m": 0.2581143740340031,
    "exp_return_horizon": -0.003,
    "exp_return_24m": 0.005,
    "reward_to_risk": 0.97,
    "unrec_loss": 0.041
   },
   "24m": {
    "p_fall": 0.28,
    "depth": 0.384,
    "p_rec_horizon": 0.2581143740340031,
    "p_rec_24m": 0.2581143740340031,
    "exp_return_horizon": -0.005,
    "exp_return_24m": -0.005,
    "reward_to_risk": 1.01,
    "unrec_loss": 0.08
   },
   "36m": {
    "p_fall": 0.43133333333333335,
    "depth": 0.384,
    "p_rec_horizon": 0.366306027820711,
    "p_rec_24m": 0.2581143740340031,
    "exp_return_horizon": 0.006,
    "exp_return_24m": -0.014,
    "reward_to_risk": 1.18,
    "unrec_loss": 0.105
   },
   "60m": {
    "p_fall": 0.6533333333333333,
    "depth": 0.384,
    "p_rec_horizon": 0.500772797527048,
    "p_rec_24m": 0.2581143740340031,
    "exp_return_horizon": 0.062,
    "exp_return_24m": -0.011,
    "reward_to_risk": 1.71,
    "unrec_loss": 0.125
   }
  }
 },
 "DTCR (Data Ctr Infra)": {
  "kind": "ETF",
  "growth_ann": 0.091,
  "crash_growth": "secular",
  "horizons": {
   "12m": {
    "p_fall": 0.18266666666666667,
    "depth": 0.406,
    "p_rec_horizon": 0.09361702127659574,
    "p_rec_24m": 0.22872340425531915,
    "exp_return_horizon": 0.018,
    "exp_return_24m": 0.029,
    "reward_to_risk": 1.36,
    "unrec_loss": 0.067
   },
   "24m": {
    "p_fall": 0.454,
    "depth": 0.406,
    "p_rec_horizon": 0.22872340425531915,
    "p_rec_24m": 0.22872340425531915,
    "exp_return_horizon": 0.022,
    "exp_return_24m": 0.022,
    "reward_to_risk": 1.34,
    "unrec_loss": 0.142
   },
   "36m": {
    "p_fall": 0.6266666666666667,
    "depth": 0.406,
    "p_rec_horizon": 0.3351063829787234,
    "p_rec_24m": 0.22872340425531915,
    "exp_return_horizon": 0.08,
    "exp_return_24m": 0.045,
    "reward_to_risk": 1.77,
    "unrec_loss": 0.169
   },
   "60m": {
    "p_fall": 0.824,
    "depth": 0.406,
    "p_rec_horizon": 0.425531914893617,
    "p_rec_24m": 0.22872340425531915,
    "exp_return_horizon": 0.25,
    "exp_return_24m": 0.149,
    "reward_to_risk": 2.85,
    "unrec_loss": 0.192
   }
  }
 },
 "GRID (Smart Grid)": {
  "kind": "ETF",
  "growth_ann": 0.117,
  "crash_growth": "secular",
  "horizons": {
   "12m": {
    "p_fall": 0.22933333333333333,
    "depth": 0.415,
    "p_rec_horizon": 0.14009661835748793,
    "p_rec_24m": 0.3178743961352657,
    "exp_return_horizon": 0.025,
    "exp_return_24m": 0.044,
    "reward_to_risk": 1.42,
    "unrec_loss": 0.082
   },
   "24m": {
    "p_fall": 0.5093333333333333,
    "depth": 0.415,
    "p_rec_horizon": 0.3178743961352657,
    "p_rec_24m": 0.3178743961352657,
    "exp_return_horizon": 0.067,
    "exp_return_24m": 0.067,
    "reward_to_risk": 1.71,
    "unrec_loss": 0.144
   },
   "36m": {
    "p_fall": 0.69,
    "depth": 0.415,
    "p_rec_horizon": 0.4067632850241546,
    "p_rec_24m": 0.3178743961352657,
    "exp_return_horizon": 0.156,
    "exp_return_24m": 0.12,
    "reward_to_risk": 2.31,
    "unrec_loss": 0.17
   },
   "60m": {
    "p_fall": 0.8633333333333333,
    "depth": 0.415,
    "p_rec_horizon": 0.4966183574879227,
    "p_rec_24m": 0.3178743961352657,
    "exp_return_horizon": 0.423,
    "exp_return_24m": 0.312,
    "reward_to_risk": 4.08,
    "unrec_loss": 0.181
   }
  }
 },
 "NUKE (Nuclear/Uranium)": {
  "kind": "ETF",
  "growth_ann": 0.142,
  "crash_growth": "secular",
  "horizons": {
   "12m": {
    "p_fall": 0.36133333333333334,
    "depth": 0.452,
    "p_rec_horizon": 0.20113085621970922,
    "p_rec_24m": 0.3772213247172859,
    "exp_return_horizon": -0.007,
    "exp_return_24m": 0.026,
    "reward_to_risk": 1.09,
    "unrec_loss": 0.131
   },
   "24m": {
    "p_fall": 0.6613333333333333,
    "depth": 0.452,
    "p_rec_horizon": 0.3772213247172859,
    "p_rec_24m": 0.3772213247172859,
    "exp_return_horizon": 0.061,
    "exp_return_24m": 0.061,
    "reward_to_risk": 1.63,
    "unrec_loss": 0.186
   },
   "36m": {
    "p_fall": 0.8253333333333334,
    "depth": 0.452,
    "p_rec_horizon": 0.46365105008077545,
    "p_rec_24m": 0.3772213247172859,
    "exp_return_horizon": 0.19,
    "exp_return_24m": 0.142,
    "reward_to_risk": 2.44,
    "unrec_loss": 0.2
   },
   "60m": {
    "p_fall": 0.954,
    "depth": 0.452,
    "p_rec_horizon": 0.5444264943457189,
    "p_rec_24m": 0.3772213247172859,