{
 "NVIDIA": {
  "p_dd25": {
   "18m": 0.5052,
   "36m": 0.7893333333333333,
   "60m": 0.9311666666666667
  },
  "curve": {
   "6": 0.12837837837837837,
   "12": 0.3088260135135135,
   "18": 0.42884290540540543,
   "24": 0.5095439189189189,
   "30": 0.5671452702702703,
   "36": 0.6109797297297297,
   "48": 0.6705236486486487,
   "60": 0.7127533783783784
  },
  "rec_by_24m": 0.5095439189189189,
  "rec_by_36m": 0.6109797297297297,
  "rec_by_60m": 0.7127533783783784,
  "p_never": 0.2715793918918919,
  "recovery_quality": 0.3890528391697588
 },
 "Broadcom": {
  "p_dd25": {
   "18m": 0.4542333333333333,
   "36m": 0.7448,
   "60m": 0.9074333333333333
  },
  "curve": {
   "6": 0.1046813462226996,
   "12": 0.2657536698890082,
   "18": 0.3834138918725385,
   "24": 0.4655388471177945,
   "30": 0.5255997135696384,
   "36": 0.569280343716434,
   "48": 0.6317579663444325,
   "60": 0.6765574650912997
  },
  "rec_by_24m": 0.4655388471177945,
  "rec_by_36m": 0.569280343716434,
  "rec_by_60m": 0.6765574650912997,
  "p_never": 0.3052721088435374,
  "recovery_quality": 0.37404511278195485
 },
 "Micron": {
  "p_dd25": {
   "18m": 0.4922,
   "36m": 0.7778666666666667,
   "60m": 0.9277333333333333
  },
  "curve": {
   "6": 0.09654610901611245,
   "12": 0.24952862529996572,
   "18": 0.3603445320534796,
   "24": 0.4400068563592732,
   "30": 0.49768597874528625,
   "36": 0.5417380870757628,
   "48": 0.6072163181350703,
   "60": 0.6498114501199863
  },
  "rec_by_24m": 0.4400068563592732,
  "rec_by_36m": 0.5417380870757628,
  "rec_by_60m": 0.6498114501199863,
  "p_never": 0.326191292423723,
  "recovery_quality": 0.2004795918367347
 },
 "Kioxia": {
  "p_dd25": {
   "18m": 0.48423333333333335,
   "36m": 0.7769333333333334,
   "60m": 0.9258
  },
  "curve": {
   "6": 0.080959327269607,
   "12": 0.21623476917796464,
   "18": 0.32551055431611464,
   "24": 0.40119272352840224,
   "30": 0.4566672387163206,
   "36": 0.49866998455465933,
   "48": 0.563583319032092,
   "60": 0.6079457696928093
  },
  "rec_by_24m": 0.40119272352840224,
  "rec_by_36m": 0.49866998455465933,
  "rec_by_60m": 0.6079457696928093,
  "p_never": 0.36227904582117726,
  "recovery_quality": 0.09899121893655419
 },
 "Marvell": {
  "p_dd25": {
   "18m": 0.5064333333333333,
   "36m": 0.7922,
   "60m": 0.9349
  },
  "curve": {
   "6": 0.10733821425565934,
   "12": 0.2675250357653791,
   "18": 0.38306824875873097,
   "24": 0.46280400572246067,
   "30": 0.5214592274678111,
   "36": 0.5638306824875873,
   "48": 0.6226962888159555,
   "60": 0.6655305899183708
  },
  "rec_by_24m": 0.46280400572246067,
  "rec_by_36m": 0.5638306824875873,
  "rec_by_60m": 0.6655305899183708,
  "p_never": 0.3164184128587057,
  "recovery_quality": 0.30200607902735566
 },
 "Qualcomm": {
  "p_dd25": {
   "18m": 0.4105666666666667,
   "36m": 0.7031,
   "60m": 0.8811333333333333
  },
  "curve": {
   "6": 0.07903095813777082,
   "12": 0.22305978286635378,
   "18": 0.3317688332622197,
   "24": 0.4098516095387095,
   "30": 0.4689707485895795,
   "36": 0.5148153415825155,
   "48": 0.5805717536623525,
   "60": 0.6271748921443133
  },
  "rec_by_24m": 0.4098516095387095,
  "rec_by_36m": 0.5148153415825155,
  "rec_by_60m": 0.6271748921443133,
  "p_never": 0.3564215616555255,
  "recovery_quality": 0.2663925
 },
 "AMD": {
  "p_dd25": {
   "18m": 0.5091666666666667,
   "36m": 0.7929,
   "60m": 0.9346666666666666
  },
  "curve": {
   "6": 0.1045108672804473,
   "12": 0.2650607474671039,
   "18": 0.3765081767351915,
   "24": 0.45285239836885693,
   "30": 0.5105309622903267,
   "36": 0.5515197376718376,
   "48": 0.6133181990162694,
   "60": 0.6565350821877496
  },
  "rec_by_24m": 0.45285239836885693,
  "rec_by_36m": 0.5515197376718376,
  "rec_by_60m": 0.6565350821877496,
  "p_never": 0.3208054819859587,
  "recovery_quality": 0.26251029336734694
 },
 "ARM": {
  "p_dd25": {
   "18m": 0.4733,
   "36m": 0.7639,
   "60m": 0.9190333333333334
  },
  "curve": {
   "6": 0.08622420037526726,
   "12": 0.22769123358205698,
   "18": 0.3388750709080595,
   "24": 0.4186848191299036,
   "30": 0.4766767028843217,
   "36": 0.5213160535846751,
   "48": 0.5845878605402103,
   "60": 0.6313217262294366
  },
  "rec_by_24m": 0.4186848191299036,
  "rec_by_36m": 0.5213160535846751,
  "rec_by_60m": 0.6313217262294366,
  "p_never": 0.3412750359994764,
  "recovery_quality": 0.26284314868804665
 },
 "Lumentum": {
  "p_dd25": {
   "18m": 0.5521333333333334,
   "36m": 0.8318333333333333,
   "60m": 0.9552
  },
  "curve": {
   "6": 0.10118212783009417,
   "12": 0.25257463434181526,
   "18": 0.3631336405529954,
   "24": 0.43899018232819076,
   "30": 0.49581246243237825,
   "36": 0.5357643758765779,
   "48": 0.5965938689641355,
   "60": 0.6385093167701863
  },
  "rec_by_24m": 0.43899018232819076,
  "rec_by_36m": 0.5357643758765779,
  "rec_by_60m": 0.6385093167701863,
  "p_never": 0.3268683630534963,
  "recovery_quality": 0.16427466857142856
 },
 "Coherent": {
  "p_dd25": {
   "18m": 0.5703333333333334,
   "36m": 0.8434,
   "60m": 0.9593333333333334
  },
  "curve": {
   "6": 0.1092798988222275,
   "12": 0.267488736068295,
   "18": 0.37589913840803096,
   "24": 0.4507548810370722,
   "30": 0.5071931072642479,
   "36": 0.5464390166785235,
   "48": 0.6056438226227175,
   "60": 0.648486285669117
  },
  "rec_by_24m": 0.4507548810370722,
  "rec_by_36m": 0.5464390166785235,
  "rec_by_60m": 0.648486285669117,
  "p_never": 0.31985613785471506,
  "recovery_quality": 0.18640489795918366
 },
 "Applied Optoelectronics": {
  "p_dd25": {
   "18m": 0.6318333333333334,
   "36m": 0.8877333333333334,
   "60m": 0.9761
  },
  "curve": {
   "6": 0.1064133373385401,
   "12": 0.2515395013517573,
   "18": 0.35539951937518777,
   "24": 0.43034695103634724,
   "30": 0.4835160708921598,
   "36": 0.5226794833283268,
   "48": 0.5825322919795735,
   "60": 0.6236482427155302
  },
  "rec_by_24m": 0.43034695103634724,
  "rec_by_36m": 0.5226794833283268,
  "rec_by_60m": 0.6236482427155302,
  "p_never": 0.33148092520276357,
  "recovery_quality": 0.020530897959183655
 },
 "IonQ": {
  "p_dd25": {
   "18m": 0.6974666666666667,
   "36m": 0.9221666666666667,
   "60m": 0.9878333333333333
  },
  "curve": {
   "6": 0.10811494668353515,
   "12": 0.2504608711368155,
   "18": 0.3538405928067956,
   "24": 0.4271823603831556,
   "30": 0.4795590095788903,
   "36": 0.5194650280137357,
   "48": 0.5801192842942345,
   "60": 0.6203144767757094
  },
  "rec_by_24m": 0.4271823603831556,
  "rec_by_36m": 0.5194650280137357,
  "rec_by_60m": 0.6203144767757094,
  "p_never": 0.32514006867883605,
  "recovery_quality": 0.0
 },
 "Palantir": {
  "p_dd25": {
   "18m": 0.5429,
   "36m": 0.8253333333333334,
   "60m": 0.9508666666666666
  },
  "curve": {
   "6": 0.11191437802907916,
   "12": 0.269345718901454,
   "18": 0.3865912762520194,
   "24": 0.465751211631664,
   "30": 0.524232633279483,
   "36": 0.5659935379644588,
   "48": 0.6285945072697899,
   "60": 0.6710016155088853
  },
  "rec_by_24m": 0.465751211631664,
  "rec_by_36m": 0.5659935379644588,
  "rec_by_60m": 0.6710016155088853,
  "p_never": 0.2955573505654281,
  "recovery_quality": 0.21821389332706762
 },
 "AppLovin": {
  "p_dd25": {
   "18m": 0.7986,
   "36m": 0.9665,
   "60m": 0.9970333333333333
  },
  "curve": {
   "6": 0.17647870322469392,
   "12": 0.3501293326435592,
   "18": 0.457941024314537,
   "24": 0.5266770132781514,
   "30": 0.5772719434385238,
   "36": 0.6150025866528712,
   "48": 0.6667011553716158,
   "60": 0.7038454906018279
  },
  "rec_by_24m": 0.5266770132781514,
  "rec_by_36m": 0.6150025866528712,
  "rec_by_60m": 0.7038454906018279,
  "p_never": 0.2667011553716158,
  "recovery_quality": 0.13676296182266012
 },
 "Meta": {
  "p_dd25": {
   "18m": 0.43173333333333336,
   "36m": 0.7195,
   "60m": 0.8915
  },
  "curve": {
   "6": 0.10252490155200371,
   "12": 0.26476719944405835,
   "18": 0.3791058605513088,
   "24": 0.46263608987722954,
   "30": 0.5213342599027102,
   "36": 0.5670141301829974,
   "48": 0.6314570303451471,
   "60": 0.6711141996757007
  },
  "rec_by_24m": 0.46263608987722954,